{
  "stroke_width_mean": 8.689006805419922,
  "stroke_width_std": 7.950782775878906,
  "stroke_width_min": 1.0,
  "stroke_width_max": 46.0,
  "char_height_mean": 110.33333333333333,
  "char_height_std": 97.21911106133174,
  "inter_char_spacing_mean": 180.66666666666666,
  "inter_char_spacing_std": 85.20693764138119,
  "line_spacing_mean": 0.0,
  "ink_density": 0.13195389634238555,
  "edge_sharpness": 6.166929149148248,
  "text_uniformity": 0.5117429935450626,
  "gray_histogram": [
    0.00014582928270101547,
    0.00272214668802917,
    0.010155838914215565,
    0.011669943109154701,
    0.010958800092339516,
    0.015312074683606625,
    0.028213465586304665,
    0.03997882828116417,
    0.06948135048151016,
    0.13190889358520508,
    0.48411720991134644,
    0.16717076301574707,
    0.028029829263687134,
    0.00013502711954060942,
    0.0,
    0.0
  ],
  "element_class": "text_name",
  "doc_type": "identity",
  "image_size": [
    417,
    1332
  ]
}