{
  "stroke_width_mean": 7.093869209289551,
  "stroke_width_std": 4.441943645477295,
  "stroke_width_min": 1.0,
  "stroke_width_max": 23.0,
  "char_height_mean": 69.75,
  "char_height_std": 53.6300988251933,
  "inter_char_spacing_mean": 77.22222222222223,
  "inter_char_spacing_std": 75.58920819178971,
  "line_spacing_mean": 0.0,
  "ink_density": 0.0835940731150312,
  "edge_sharpness": 6.564362167430831,
  "text_uniformity": 0.6249088734487991,
  "gray_histogram": [
    0.0024073475506156683,
    0.021706586703658104,
    0.023262035101652145,
    0.01644233986735344,
    0.008361655287444592,
    0.007370394188910723,
    0.0075187464244663715,
    0.009741777554154396,
    0.04532826319336891,
    0.1804274320602417,
    0.6699596047401428,
    0.007473791018128395,
    0.0,
    0.0,
    0.0,
    0.0
  ],
  "element_class": "text_national_id",
  "doc_type": "identity",
  "image_size": [
    334,
    1332
  ]
}